"pc","pov"
"PC1",23.7437330951556
"PC2",16.284149333316
"PC3",13.4125088820931
"PC4",11.8336872907012
"PC5",11.5216112753771
"PC6",6.36217736214558
"PC7",5.41270040453762
"PC8",4.92051466979525
"PC9",4.17116347466298
"PC10",2.33775421221547
