"pc","pov"
"PC1",23.7114252747757
"PC2",16.0597186178615
"PC3",13.4739110192588
"PC4",11.9031896170882
"PC5",11.0963089420781
"PC6",6.20228470110827
"PC7",5.46224488531315
"PC8",4.92400236421112
"PC9",4.87395637096002
"PC10",2.29295820734511
