"pc","pov"
"PC1",23.7883995544016
"PC2",16.4375599731077
"PC3",13.4302027013834
"PC4",11.7684891401092
"PC5",11.4879949573058
"PC6",6.3487829224964
"PC7",5.41777108469519
"PC8",4.89474716674342
"PC9",4.12505482956812
"PC10",2.30099767018909
